Image,Predicted Class,Actual Class,Confidence,Correct
054_1_0064_1_j.png,054,054,0.23195797204971313,True
054_1_0074_1_j.png,016,054,0.16777212917804718,False
054_1_0006_1_j.png,054,054,0.23196931183338165,True
054_0077_j.png,054,054,0.23154349625110626,True
054_1_0016_1_j.png,054,054,0.23184747993946075,True
054_0032_j.png,054,054,0.23190626502037048,True
054_0053_j.png,005,054,0.2313210517168045,False
054_0016_j.png,007,054,0.145918071269989,False
054_1_0039_1_j.png,054,054,0.23196931183338165,True
054_1_0029_1_j.png,054,054,0.23196929693222046,True
054_1_0080_1_j.png,005,054,0.22080162167549133,False
054_0029_j.png,054,054,0.23196931183338165,True
054_0051_j.png,005,054,0.13606424629688263,False
054_0014_j.png,054,054,0.23196859657764435,True
054_1_0020_1_j.png,054,054,0.2319679856300354,True
054_1_0030_1_j.png,054,054,0.23196926712989807,True
054_0075_j.png,054,054,0.2319682389497757,True
054_0030_j.png,054,054,0.23196931183338165,True
054_0088_j.png,054,054,0.23196931183338165,True
054_0048_j.png,016,054,0.1393292099237442,False
054_1_0042_1_j.png,054,054,0.23196618258953094,True
054_1_0052_1_j.png,054,054,0.2319442182779312,True
054_0071_j.png,054,054,0.23196931183338165,True
054_0034_j.png,054,054,0.18170791864395142,True
054_0009_j.png,054,054,0.23196806013584137,True
054_1_0088_1_j.png,054,054,0.23196929693222046,True
054_1_0031_1_j.png,011,054,0.19998985528945923,False
054_1_0021_1_j.png,054,054,0.23188303411006927,True
054_0068_j.png,054,054,0.18585218489170074,True
054_0055_j.png,005,054,0.18542905151844025,False
054_0010_j.png,054,054,0.2319692075252533,True
054_1_0053_1_j.png,005,054,0.1852356493473053,False
054_1_0043_1_j.png,054,054,0.22683797776699066,True
054_0057_j.png,054,054,0.21709731221199036,True
054_0012_j.png,054,054,0.1846073418855667,True
054_1_0075_1_j.png,054,054,0.23196931183338165,True
054_1_0065_1_j.png,005,054,0.23134325444698334,False
054_1_0017_1_j.png,054,054,0.23196247220039368,True
054_1_0007_1_j.png,054,054,0.23196883499622345,True
054_0073_j.png,054,054,0.2315882444381714,True
054_0036_j.png,054,054,0.23196817934513092,True
054_1_0081_1_j.png,005,054,0.1940915882587433,False
054_1_0028_1_j.png,054,054,0.2303684651851654,True
054_1_0038_1_j.png,005,054,0.2236214131116867,False
054_0015_j.png,054,054,0.23196931183338165,True
054_0050_j.png,054,054,0.2095620036125183,True
054_0028_j.png,054,054,0.2308129519224167,True
054_1_0041_1_j.png,054,054,0.23196931183338165,True
054_1_0051_1_j.png,005,054,0.18470855057239532,False
054_0049_j.png,055,054,0.2286420315504074,False
054_0031_j.png,011,054,0.13358649611473083,False
054_0074_j.png,035,054,0.19480828940868378,False
054_1_0023_1_j.png,054,054,0.23196059465408325,True
054_1_0033_1_j.png,005,054,0.17894606292247772,False
054_1_0005_1_j.png,054,054,0.23172041773796082,True
054_1_0015_1_j.png,054,054,0.23196929693222046,True
054_0033_j.png,016,054,0.21849790215492249,False
054_0076_j.png,054,054,0.23196926712989807,True
054_1_0067_1_j.png,011,054,0.1753549873828888,False
054_1_0077_1_j.png,054,054,0.21315976977348328,True
054_1_0083_1_j.png,016,054,0.22515316307544708,False
054_1_0058_1_j.png,054,054,0.23196929693222046,True
054_0017_j.png,054,054,0.2319607436656952,True
054_0052_j.png,005,054,0.17509473860263824,False
054_1_0048_1_j.png,005,054,0.20134416222572327,False
054_1_0014_1_j.png,054,054,0.23190823197364807,True
054_1_0004_1_j.png,054,054,0.23060962557792664,True
054_1_0076_1_j.png,054,054,0.23196931183338165,True
054_1_0066_1_j.png,054,054,0.21978434920310974,True
054_0013_j.png,030,054,0.20110510289669037,False
054_0056_j.png,054,054,0.1942811757326126,True
054_0037_j.png,054,054,0.23196931183338165,True
054_0072_j.png,016,054,0.21237963438034058,False
054_1_0082_1_j.png,005,054,0.1865568310022354,False
054_1_0049_1_j.png,035,054,0.23189978301525116,False
054_1_0059_1_j.png,005,054,0.2277054637670517,False
054_0008_j.png,054,054,0.23060357570648193,True
054_0035_j.png,054,054,0.23196610808372498,True
054_0070_j.png,005,054,0.21407029032707214,False
054_1_0050_1_j.png,054,054,0.19767630100250244,True
054_0011_j.png,054,054,0.23188261687755585,True
054_1_0040_1_j.png,054,054,0.23183320462703705,True
054_0054_j.png,054,054,0.23196931183338165,True
054_0069_j.png,005,054,0.23194512724876404,False
054_1_0032_1_j.png,054,054,0.23196791112422943,True
054_1_0022_1_j.png,054,054,0.23196929693222046,True
054_0065_j.png,005,054,0.2194431871175766,False
054_0020_j.png,054,054,0.23196639120578766,True
054_1_0045_1_j.png,005,054,0.23000237345695496,False
054_1_0055_1_j.png,005,054,0.21538548171520233,False
054_1_0027_1_j.png,054,054,0.23196884989738464,True
054_1_0037_1_j.png,054,054,0.23196931183338165,True
054_0058_j.png,054,054,0.23196926712989807,True
054_0081_j.png,054,054,0.15142861008644104,True
054_0039_j.png,054,054,0.23196931183338165,True
054_0041_j.png,054,054,0.23196931183338165,True
054_0004_j.png,054,054,0.20559801161289215,True
054_1_0018_1_j.png,054,054,0.23195843398571014,True
054_1_0008_1_j.png,054,054,0.22536210715770721,True
054_0043_j.png,054,054,0.23163539171218872,True
054_0006_j.png,054,054,0.23196931183338165,True
054_1_0087_1_j.png,054,054,0.23196880519390106,True
054_0083_j.png,054,054,0.16482436656951904,True
054_1_0001_1_j.png,054,054,0.23196828365325928,True
054_1_0011_1_j.png,054,054,0.23196254670619965,True
054_1_0063_1_j.png,054,054,0.21761687099933624,True
054_0067_j.png,005,054,0.23192980885505676,False
054_0022_j.png,054,054,0.23196931183338165,True
054_1_0073_1_j.png,016,054,0.1811639368534088,False
054_1_0086_1_j.png,054,054,0.23196926712989807,True
054_0063_j.png,054,054,0.1858183592557907,True
054_0026_j.png,005,054,0.1970275193452835,False
054_1_0010_1_j.png,054,054,0.23196613788604736,True
054_0047_j.png,054,054,0.22855469584465027,True
054_0002_j.png,054,054,0.22699882090091705,True
054_0087_j.png,054,054,0.231843501329422,True
054_1_0072_1_j.png,005,054,0.22026149928569794,False
054_1_0062_1_j.png,054,054,0.16586975753307343,True
054_0078_j.png,054,054,0.16193532943725586,True
054_1_0054_1_j.png,054,054,0.23196931183338165,True
054_0085_j.png,054,054,0.22795788943767548,True
054_1_0044_1_j.png,054,054,0.23196439445018768,True
054_1_0036_1_j.png,054,054,0.23196525871753693,True
054_1_0026_1_j.png,054,054,0.23181162774562836,True
054_0045_j.png,005,054,0.23173078894615173,False
054_0061_j.png,054,054,0.23196913301944733,True
054_0024_j.png,054,054,0.23196931183338165,True
054_1_0009_1_j.png,054,054,0.23196803033351898,True
054_1_0019_1_j.png,054,054,0.23196330666542053,True
054_0019_j.png,054,054,0.2319665402173996,True
054_0082_j.png,005,054,0.19459566473960876,False
054_1_0084_1_j.png,035,054,0.19216327369213104,False
054_0007_j.png,054,054,0.23196931183338165,True
054_0042_j.png,054,054,0.23188243806362152,True
054_0023_j.png,054,054,0.2319687306880951,True
054_0066_j.png,054,054,0.20260398089885712,True
054_1_0060_1_j.png,054,054,0.17189280688762665,True
054_1_0070_1_j.png,054,054,0.22744838893413544,True
054_1_0002_1_j.png,054,054,0.23021739721298218,True
054_1_0012_1_j.png,005,054,0.23196323215961456,False
054_0059_j.png,005,054,0.20525889098644257,False
054_1_0024_1_j.png,054,054,0.23196931183338165,True
054_1_0034_1_j.png,054,054,0.23161502182483673,True
054_1_0046_1_j.png,054,054,0.1927899420261383,True
054_1_0056_1_j.png,054,054,0.23085129261016846,True
054_0021_j.png,054,054,0.23157216608524323,True
054_0064_j.png,054,054,0.2278999239206314,True
054_0005_j.png,054,054,0.23165363073349,True
054_0040_j.png,054,054,0.23196931183338165,True
054_0080_j.png,005,054,0.22433523833751678,False
054_0038_j.png,054,054,0.23036831617355347,True
054_1_0079_1_j.png,005,054,0.14732617139816284,False
054_1_0069_1_j.png,005,054,0.23149900138378143,False
054_0001_j.png,054,054,0.23196710646152496,True
054_1_0035_1_j.png,054,054,0.23196177184581757,True
054_0044_j.png,054,054,0.2319692075252533,True
054_1_0025_1_j.png,054,054,0.23003382980823517,True
054_0079_j.png,005,054,0.22974830865859985,False
054_1_0057_1_j.png,016,054,0.1812000572681427,False
054_1_0047_1_j.png,054,054,0.22939850389957428,True
054_0084_j.png,054,054,0.21602867543697357,True
054_0018_j.png,054,054,0.23196905851364136,True
054_0025_j.png,054,054,0.22904424369335175,True
054_0060_j.png,005,054,0.19536127150058746,False
054_1_0068_1_j.png,054,054,0.22495201230049133,True
054_1_0078_1_j.png,054,054,0.22610023617744446,True
054_0027_j.png,054,054,0.23196931183338165,True
054_0062_j.png,054,054,0.22706232964992523,True
054_1_0085_1_j.png,054,054,0.1578744500875473,True
054_1_0071_1_j.png,054,054,0.23196929693222046,True
054_1_0061_1_j.png,054,054,0.23196227848529816,True
054_0086_j.png,054,054,0.23196929693222046,True
054_0003_j.png,054,054,0.23192301392555237,True
054_0046_j.png,054,054,0.15177807211875916,True
054_1_0013_1_j.png,054,054,0.23131854832172394,True
054_1_0003_1_j.png,054,054,0.23067975044250488,True
007_0005_j.png,005,007,0.22146673500537872,False
007_1_0009_1_j.png,005,007,0.23195131123065948,False
007_1_0019_1_j.png,005,007,0.21669113636016846,False
007_0021_j.png,005,007,0.2109472155570984,False
007_0023_j.png,005,007,0.23144333064556122,False
007_1_0010_1_j.png,005,007,0.23183996975421906,False
007_0007_j.png,035,007,0.2045573741197586,False
007_1_0001_1_j.png,035,007,0.21339702606201172,False
007_1_0011_1_j.png,005,007,0.23195227980613708,False
007_0003_j.png,035,007,0.22230152785778046,False
007_0018_j.png,005,007,0.22673822939395905,False
007_1_0018_1_j.png,005,007,0.22088830173015594,False
007_1_0008_1_j.png,005,007,0.21631354093551636,False
007_0025_j.png,005,007,0.1761515885591507,False
007_0001_j.png,005,007,0.21503029763698578,False
007_1_0013_1_j.png,005,007,0.18081064522266388,False
007_1_0003_1_j.png,005,007,0.18620339035987854,False
007_0022_j.png,005,007,0.23095937073230743,False
007_0006_j.png,005,007,0.2237340211868286,False
007_0004_j.png,005,007,0.23194520175457,False
007_0020_j.png,005,007,0.186385840177536,False
007_1_0025_1_j.png,016,007,0.16906435787677765,False
007_0024_j.png,055,007,0.12763339281082153,False
007_0019_j.png,005,007,0.231041818857193,False
007_1_0024_1_j.png,016,007,0.2018810510635376,False
007_0002_j.png,035,007,0.20865066349506378,False
007_1_0002_1_j.png,035,007,0.2235613912343979,False
007_1_0012_1_j.png,011,007,0.15579767525196075,False
007_0017_j.png,005,007,0.22132588922977448,False
007_1_0017_1_j.png,007,007,0.13836590945720673,True
007_1_0007_1_j.png,035,007,0.15381942689418793,False
007_1_0021_1_j.png,003,007,0.15115399658679962,False
007_0015_j.png,016,007,0.1379992812871933,False
007_0011_j.png,005,007,0.23141784965991974,False
007_1_0020_1_j.png,035,007,0.19582854211330414,False
007_0008_j.png,003,007,0.2237427979707718,False
007_0013_j.png,011,007,0.18996573984622955,False
007_1_0006_1_j.png,005,007,0.22193372249603271,False
007_1_0016_1_j.png,003,007,0.22121471166610718,False
007_1_0022_1_j.png,005,007,0.23146289587020874,False
007_0014_j.png,005,007,0.23040111362934113,False
007_0016_j.png,003,007,0.1779102385044098,False
007_1_0014_1_j.png,035,007,0.15064877271652222,False
007_1_0004_1_j.png,005,007,0.2314879596233368,False
007_1_0005_1_j.png,005,007,0.17917779088020325,False
007_0012_j.png,005,007,0.1698019653558731,False
007_1_0015_1_j.png,035,007,0.21688294410705566,False
007_1_0023_1_j.png,005,007,0.21639646589756012,False
007_0010_j.png,005,007,0.23167410492897034,False
007_0009_j.png,005,007,0.2319452315568924,False
055_0026_j.png,055,055,0.21829169988632202,True
055_1_0028_1_j.png,055,055,0.2145562469959259,True
055_1_0017_1_j.png,005,055,0.2167849987745285,False
055_1_0007_1_j.png,005,055,0.14563360810279846,False
055_0002_j.png,055,055,0.22666744887828827,True
055_1_0021_1_j.png,005,055,0.1908838003873825,False
055_0019_j.png,005,055,0.21794909238815308,False
055_0024_j.png,055,055,0.23196864128112793,True
055_1_0020_1_j.png,016,055,0.1420753300189972,False
055_0020_j.png,005,055,0.20543058216571808,False
055_0004_j.png,055,055,0.23006413877010345,True
055_0006_j.png,035,055,0.1478729099035263,False
055_1_0029_1_j.png,035,055,0.22561083734035492,False
055_0022_j.png,035,055,0.22786617279052734,False
055_1_0006_1_j.png,005,055,0.17910651862621307,False
055_1_0016_1_j.png,005,055,0.17077696323394775,False
055_0001_j.png,055,055,0.223066508769989,True
055_1_0022_1_j.png,035,055,0.2307174801826477,False
055_0025_j.png,035,055,0.20143812894821167,False
055_0018_j.png,005,055,0.22485727071762085,False
055_0027_j.png,035,055,0.20668406784534454,False
055_0003_j.png,055,055,0.23086309432983398,True
055_1_0014_1_j.png,035,055,0.23166899383068085,False
055_1_0004_1_j.png,055,055,0.22502771019935608,True
055_0007_j.png,035,055,0.21738292276859283,False
055_1_0005_1_j.png,055,055,0.230067178606987,True
055_1_0015_1_j.png,035,055,0.22801576554775238,False
055_0023_j.png,055,055,0.23196005821228027,True
055_0021_j.png,055,055,0.22750481963157654,True
055_1_0023_1_j.png,055,055,0.2025039941072464,True
055_0005_j.png,055,055,0.21644456684589386,True
055_0009_j.png,055,055,0.18698303401470184,True
055_1_0009_1_j.png,055,055,0.23030173778533936,True
055_1_0019_1_j.png,005,055,0.2255314290523529,False
055_0010_j.png,035,055,0.22285592555999756,False
055_1_0026_1_j.png,055,055,0.23010367155075073,True
055_1_0010_1_j.png,055,055,0.1498376429080963,True
055_0012_j.png,055,055,0.2043091356754303,True
055_1_0001_1_j.png,055,055,0.22490525245666504,True
055_1_0011_1_j.png,055,055,0.23196855187416077,True
055_0016_j.png,035,055,0.1412317305803299,False
055_0014_j.png,035,055,0.15465359389781952,False
055_0029_j.png,035,055,0.14284680783748627,False
055_1_0018_1_j.png,005,055,0.2067979872226715,False
055_1_0008_1_j.png,055,055,0.21339868009090424,True
055_1_0027_1_j.png,055,055,0.20748485624790192,True
055_0013_j.png,035,055,0.22803275287151337,False
055_1_0013_1_j.png,055,055,0.1464996337890625,True
055_1_0003_1_j.png,055,055,0.23082491755485535,True
055_0008_j.png,035,055,0.23178738355636597,False
055_1_0025_1_j.png,035,055,0.18691202998161316,False
055_0011_j.png,055,055,0.2310279905796051,True
055_0028_j.png,055,055,0.18338333070278168,True
055_0015_j.png,055,055,0.15200121700763702,True
055_1_0024_1_j.png,055,055,0.23196212947368622,True
055_1_0002_1_j.png,055,055,0.23145334422588348,True
055_1_0012_1_j.png,055,055,0.2129901796579361,True
055_0017_j.png,016,055,0.15976238250732422,False
030_0005_j.png,030,030,0.20762626826763153,True
030_1_0016_1_j.png,030,030,0.23196248710155487,True
030_1_0006_1_j.png,028,030,0.19566383957862854,False
030_0007_j.png,030,030,0.15512362122535706,True
030_0003_j.png,028,030,0.23185667395591736,False
030_1_0007_1_j.png,028,030,0.17676255106925964,False
030_1_0017_1_j.png,030,030,0.21297265589237213,True
030_0001_j.png,028,030,0.1637389212846756,False
030_0006_j.png,028,030,0.15830543637275696,False
030_1_0015_1_j.png,054,030,0.19025026261806488,False
030_1_0005_1_j.png,030,030,0.23178300261497498,True
030_0004_j.png,028,030,0.2316700667142868,False
030_1_0004_1_j.png,028,030,0.23196575045585632,False
030_1_0014_1_j.png,030,030,0.22865581512451172,True
030_0002_j.png,054,030,0.19402006268501282,False
030_0017_j.png,030,030,0.2249830961227417,True
030_1_0008_1_j.png,030,030,0.2285861223936081,True
030_0015_j.png,030,030,0.23191292583942413,True
030_1_0011_1_j.png,005,030,0.1826082170009613,False
030_1_0001_1_j.png,030,030,0.2253686785697937,True
030_0011_j.png,030,030,0.15094639360904694,True
030_0008_j.png,030,030,0.22926932573318481,True
030_1_0010_1_j.png,005,030,0.18879294395446777,False
030_1_0009_1_j.png,035,030,0.19370043277740479,False
030_0013_j.png,030,030,0.22797350585460663,True
030_1_0012_1_j.png,005,030,0.16048932075500488,False
030_1_0002_1_j.png,028,030,0.1472293883562088,False
030_0014_j.png,028,030,0.19469234347343445,False
030_0016_j.png,030,030,0.23191899061203003,True
030_0012_j.png,005,030,0.17912325263023376,False
030_0010_j.png,030,030,0.22138264775276184,True
030_1_0003_1_j.png,028,030,0.23196521401405334,False
030_1_0013_1_j.png,005,030,0.23132814466953278,False
030_0009_j.png,005,030,0.1789909303188324,False
011_0024_j.png,011,011,0.23027116060256958,True
011_0019_j.png,011,011,0.23196926712989807,True
011_1_0003_1_j.png,011,011,0.2319665402173996,True
011_1_0013_1_j.png,011,011,0.2318609356880188,True
011_0045_j.png,016,011,0.1922839730978012,False
011_1_0047_1_j.png,016,011,0.1942938268184662,False
011_0047_j.png,011,011,0.14795534312725067,True
011_0002_j.png,011,011,0.23196259140968323,True
011_1_0056.png,016,011,0.21337108314037323,False
011_1_0025_1_j.png,011,011,0.2033647745847702,True
011_1_0035_1_j.png,011,011,0.23179738223552704,True
011_1_0057.png,016,011,0.20526650547981262,False
011_0026_j.png,011,011,0.22949594259262085,True
011_1_0046_1_j.png,016,011,0.20570923388004303,False
011_1_0034_1_j.png,011,011,0.22790320217609406,True
011_1_0024_1_j.png,011,011,0.22140227258205414,True
011_0022_j.png,016,011,0.21931172907352448,False
011_0043_j.png,005,011,0.18102489411830902,False
011_0006_j.png,011,011,0.1782841980457306,True
011_0039_j.png,011,011,0.21575899422168732,True
011_0041_j.png,016,011,0.19661971926689148,False
011_0004_j.png,011,011,0.23184175789356232,True
011_0020_j.png,011,011,0.2238088697195053,True
011_1_0012_1_j.png,011,011,0.23028796911239624,True
011_1_0002_1_j.png,011,011,0.23196902871131897,True
011_1_0026_1_j.png,011,011,0.2303674817085266,True
011_1_0036_1_j.png,011,011,0.23196546733379364,True
011_0057.png,016,011,0.19086012244224548,False
011_0003_j.png,011,011,0.23196923732757568,True
011_0046_j.png,016,011,0.23178274929523468,False
011_1_0044_1_j.png,035,011,0.23195576667785645,False
011_1_0054_1_j.png,005,011,0.19028408825397491,False
011_0027_j.png,011,011,0.23007632791996002,True
011_1_0019_1_j.png,011,011,0.23196883499622345,True
011_1_0009_1_j.png,011,011,0.2319648712873459,True
011_0056.png,016,011,0.21877697110176086,False
011_0018_j.png,011,011,0.21288013458251953,True
011_0025_j.png,011,011,0.1785942018032074,True
011_0001_j.png,011,011,0.23186902701854706,True
011_0044_j.png,035,011,0.22853665053844452,False
011_1_0010_1_j.png,011,011,0.1490972489118576,True
011_0005_j.png,011,011,0.23196884989738464,True
011_0040_j.png,016,011,0.21474891901016235,False
011_0038_j.png,011,011,0.19918236136436462,True
011_1_0011_1_j.png,011,011,0.23196931183338165,True
011_1_0001_1_j.png,011,011,0.20088759064674377,True
011_0021_j.png,005,011,0.23117968440055847,False
011_1_0037_1_j.png,011,011,0.22822900116443634,True
011_1_0027_1_j.png,016,011,0.17727111279964447,False
011_0023_j.png,011,011,0.23102204501628876,True
011_1_0045_1_j.png,016,011,0.1788153350353241,False
011_1_0008_1_j.png,011,011,0.23196735978126526,True
011_1_0018_1_j.png,011,011,0.22976237535476685,True
011_0007_j.png,011,011,0.20680436491966248,True
011_0042_j.png,005,011,0.23171992599964142,False
011_0062.png,011,011,0.13971395790576935,True
011_0036_j.png,011,011,0.23196908831596375,True
011_0012_j.png,011,011,0.1601981520652771,True
011_1_0022_1_j.png,016,011,0.1691877841949463,False
011_1_0032_1_j.png,011,011,0.18898515403270721,True
011_1_0040_1_j.png,005,011,0.16729861497879028,False
011_1_0050_1_j.png,005,011,0.21994884312152863,False
011_0063.png,005,011,0.221940815448761,False
011_0061.png,005,011,0.1516193449497223,False
011_1_0004_1_j.png,011,011,0.22733953595161438,True
011_1_0014_1_j.png,011,011,0.23196880519390106,True
011_0010_j.png,011,011,0.2087184190750122,True
011_0034_j.png,011,011,0.2304059863090515,True
011_1_0049_1_j.png,005,011,0.2300150841474533,False
011_0060.png,035,011,0.15095821022987366,False
011_0009_j.png,011,011,0.23196883499622345,True
011_0064.png,005,011,0.15057072043418884,False
011_0058.png,016,011,0.14614176750183105,False
011_0030_j.png,011,011,0.20610833168029785,True
011_0048_j.png,005,011,0.2233876883983612,False
011_1_0015_1_j.png,011,011,0.23196785151958466,True
011_1_0005_1_j.png,011,011,0.23196837306022644,True
011_0029_j.png,011,011,0.20479197800159454,True
011_1_0048_1_j.png,011,011,0.19425959885120392,True
011_0059.png,055,011,0.15002545714378357,False
011_0065.png,005,011,0.18846379220485687,False
011_0051_j.png,005,011,0.19733424484729767,False
011_0014_j.png,011,011,0.23196366429328918,True
011_0053_j.png,005,011,0.2118256837129593,False
011_0016_j.png,011,011,0.23170191049575806,True
011_1_0033_1_j.png,011,011,0.2319677174091339,True
011_1_0023_1_j.png,011,011,0.23193570971488953,True
011_0066.png,011,011,0.2218012809753418,True
011_1_0051_1_j.png,005,011,0.21868382394313812,False
011_0032_j.png,007,011,0.19025348126888275,False
011_1_0041_1_j.png,011,011,0.2084842324256897,True
011_0011_j.png,011,011,0.23196908831596375,True
011_1_0007_1_j.png,011,011,0.23137255012989044,True
011_0054_j.png,016,011,0.18318697810173035,False
011_1_0017_1_j.png,011,011,0.2237084060907364,True
011_1_0060.png,035,011,0.1491347849369049,False
011_1_0038_1_j.png,005,011,0.21480652689933777,False
011_1_0028_1_j.png,011,011,0.20393060147762299,True
011_0008_j.png,011,011,0.2319156527519226,True
011_1_0061.png,005,011,0.14679266512393951,False
011_0035_j.png,011,011,0.23196010291576385,True
011_0037_j.png,011,011,0.23119479417800903,True
011_1_0063.png,005,011,0.20901626348495483,False
011_1_0062.png,005,011,0.1993076354265213,False
011_1_0043_1_j.png,035,011,0.1785973757505417,False
011_1_0053_1_j.png,016,011,0.16093234717845917,False
011_1_0021_1_j.png,005,011,0.2312135547399521,False
011_1_0031_1_j.png,011,011,0.23196806013584137,True
011_0013_j.png,011,011,0.2262362539768219,True
011_1_0066.png,011,011,0.22880150377750397,True
011_0017_j.png,011,011,0.2199993133544922,True
011_0052_j.png,005,011,0.21215619146823883,False
011_0033_j.png,011,011,0.22937984764575958,True
011_1_0052_1_j.png,005,011,0.22800394892692566,False
011_1_0042_1_j.png,005,011,0.23182964324951172,False
011_1_0030_1_j.png,011,011,0.22548237442970276,True
011_1_0020_1_j.png,005,011,0.22144344449043274,False
011_1_0016_1_j.png,011,011,0.23182059824466705,True
011_1_0006_1_j.png,011,011,0.23190924525260925,True
011_0049_j.png,005,011,0.1808566302061081,False
011_1_0059.png,011,011,0.1355438083410263,True
011_1_0065.png,005,011,0.2013261616230011,False
011_0031_j.png,011,011,0.23196426033973694,True
011_0015_j.png,011,011,0.23196884989738464,True
011_0050_j.png,005,011,0.22659635543823242,False
011_1_0029_1_j.png,011,011,0.22807396948337555,True
011_1_0039_1_j.png,011,011,0.2264476865530014,True
011_1_0064.png,005,011,0.14770092070102692,False
011_1_0058.png,005,011,0.16414402425289154,False
011_0028_j.png,011,011,0.19952867925167084,True
016_0007_j.png,016,016,0.23182782530784607,True
016_1_0035_1_j.png,016,016,0.16319076716899872,True
016_1_0025_1_j.png,016,016,0.20362484455108643,True
016_0023_j.png,035,016,0.22374889254570007,False
016_0021_j.png,011,016,0.23062366247177124,False
016_0038_j.png,016,016,0.22991614043712616,True
016_1_0013_1_j.png,016,016,0.2275817096233368,True
016_1_0003_1_j.png,016,016,0.22806955873966217,True
016_0005_j.png,016,016,0.23196931183338165,True
016_0001_j.png,016,016,0.23109787702560425,True
016_0025_j.png,005,016,0.17799924314022064,False
016_1_0002_1_j.png,016,016,0.17686443030834198,True
016_1_0012_1_j.png,016,016,0.23158106207847595,True
016_0018_j.png,005,016,0.16394507884979248,False
016_0027_j.png,016,016,0.18893931806087494,True
016_1_0024_1_j.png,005,016,0.22884038090705872,False
016_1_0034_1_j.png,005,016,0.2287619411945343,False
016_0003_j.png,016,016,0.19807621836662292,True
016_0020_j.png,016,016,0.21680428087711334,True
016_0004_j.png,016,016,0.2319691926240921,True
016_1_0010_1_j.png,016,016,0.2318773865699768,True
016_1_0036_1_j.png,011,016,0.21434615552425385,False
016_1_0026_1_j.png,005,016,0.22928975522518158,False
016_0006_j.png,016,016,0.23196931183338165,True
016_1_0009_1_j.png,016,016,0.23196670413017273,True
016_0022_j.png,016,016,0.22570106387138367,True
016_1_0019_1_j.png,016,016,0.2319093644618988,True
016_1_0027_1_j.png,016,016,0.21310824155807495,True
016_1_0037_1_j.png,011,016,0.22911536693572998,False
016_0026_j.png,016,016,0.22128286957740784,True
016_1_0018_1_j.png,005,016,0.18738223612308502,False
016_1_0008_1_j.png,016,016,0.22346359491348267,True
016_0002_j.png,016,016,0.23196831345558167,True
016_0019_j.png,016,016,0.23196154832839966,True
016_1_0001_1_j.png,016,016,0.23158389329910278,True
016_0024_j.png,016,016,0.22992733120918274,True
016_1_0011_1_j.png,016,016,0.22987402975559235,True
016_0028_j.png,005,016,0.1876714676618576,False
016_0015_j.png,016,016,0.22854392230510712,True
016_1_0014_1_j.png,016,016,0.23196479678153992,True
016_1_0004_1_j.png,016,016,0.231968954205513,True
016_0031_j.png,016,016,0.23060469329357147,True
016_0033_j.png,005,016,0.16108129918575287,False
016_1_0032_1_j.png,005,016,0.2219604253768921,False
016_0017_j.png,005,016,0.19909818470478058,False
016_1_0022_1_j.png,005,016,0.23118047416210175,False
016_0013_j.png,016,016,0.21894524991512299,True
016_1_0023_1_j.png,035,016,0.2318885177373886,False
016_1_0033_1_j.png,005,016,0.15974552929401398,False
016_0037_j.png,011,016,0.2308950424194336,False
016_0035_j.png,016,016,0.16397930681705475,True
016_0008_j.png,016,016,0.23124682903289795,True
016_1_0005_1_j.png,016,016,0.23196929693222046,True
016_1_0015_1_j.png,016,016,0.22612416744232178,True
016_0011_j.png,016,016,0.22750051319599152,True
016_0032_j.png,005,016,0.2268151342868805,False
016_0016_j.png,016,016,0.18130815029144287,True
016_1_0031_1_j.png,016,016,0.21130156517028809,True
016_1_0021_1_j.png,011,016,0.23150676488876343,False
016_1_0017_1_j.png,005,016,0.18008363246917725,False
016_1_0007_1_j.png,016,016,0.23144254088401794,True
016_0014_j.png,016,016,0.23087994754314423,True
016_0029_j.png,035,016,0.21522141993045807,False
016_1_0028_1_j.png,005,016,0.2157449722290039,False
016_1_0038_1_j.png,016,016,0.19348925352096558,True
016_0030_j.png,005,016,0.16002309322357178,False
016_1_0006_1_j.png,016,016,0.23196358978748322,True
016_1_0016_1_j.png,005,016,0.21914006769657135,False
016_0009_j.png,016,016,0.1932634860277176,True
016_0034_j.png,005,016,0.23040375113487244,False
016_0010_j.png,016,016,0.23196910321712494,True
016_1_0029_1_j.png,005,016,0.2143733650445938,False
016_0012_j.png,016,016,0.23188012838363647,True
016_0036_j.png,011,016,0.22646251320838928,False
016_1_0020_1_j.png,016,016,0.16861385107040405,True
016_1_0030_1_j.png,016,016,0.1991797685623169,True
028_0015_j.png,035,028,0.21764178574085236,False
028_0028_j.png,030,028,0.2266366332769394,False
028_1_0004_1_j.png,028,028,0.23196379840373993,True
028_1_0014_1_j.png,035,028,0.23158253729343414,False
028_0031_j.png,030,028,0.14607778191566467,False
028_0033_j.png,028,028,0.21801167726516724,True
028_1_0022_1_j.png,030,028,0.17817334830760956,False
028_1_0032_1_j.png,035,028,0.173068106174469,False
028_0017_j.png,030,028,0.22351625561714172,False
028_1_0033_1_j.png,028,028,0.23160876333713531,True
028_1_0023_1_j.png,035,028,0.17171558737754822,False
028_0013_j.png,035,028,0.23196929693222046,False
028_0008_j.png,030,028,0.22597450017929077,False
028_0011_j.png,005,028,0.2283133864402771,False
028_1_0015_1_j.png,030,028,0.2161697894334793,False
028_1_0005_1_j.png,028,028,0.19317543506622314,True
028_0032_j.png,030,028,0.14016960561275482,False
028_1_0021_1_j.png,030,028,0.2300136834383011,False
028_1_0031_1_j.png,030,028,0.22503624856472015,False
028_0016_j.png,030,028,0.1727813184261322,False
028_1_0028_1_j.png,030,028,0.2162850797176361,False
028_0029_j.png,030,028,0.14842060208320618,False
028_0014_j.png,035,028,0.2319480925798416,False
028_0030_j.png,028,028,0.1653442233800888,True
028_1_0007_1_j.png,028,028,0.2317184954881668,True
028_1_0017_1_j.png,035,028,0.16571947932243347,False
028_0034_j.png,005,028,0.15584978461265564,False
028_1_0029_1_j.png,028,028,0.19899028539657593,True
028_0009_j.png,030,028,0.15606841444969177,False
028_1_0016_1_j.png,030,028,0.18491730093955994,False
028_1_0006_1_j.png,005,028,0.19287371635437012,False
028_0010_j.png,030,028,0.17801639437675476,False
028_0012_j.png,011,028,0.17226874828338623,False
028_1_0030_1_j.png,028,028,0.19524551928043365,True
028_1_0020_1_j.png,030,028,0.20797701179981232,False
028_0007_j.png,028,028,0.22423987090587616,True
028_0023_j.png,005,028,0.17805537581443787,False
028_1_0025_1_j.png,028,028,0.23194733262062073,True
028_1_0003_1_j.png,028,028,0.23196884989738464,True
028_1_0013_1_j.png,035,028,0.23189298808574677,False
028_0021_j.png,035,028,0.22534409165382385,False
028_0005_j.png,030,028,0.16382397711277008,False
028_0001_j.png,028,028,0.23196721076965332,True
028_1_0012_1_j.png,016,028,0.21469615399837494,False
028_1_0002_1_j.png,028,028,0.23184385895729065,True
028_0018_j.png,005,028,0.2242499142885208,False
028_0025_j.png,028,028,0.23144418001174927,True
028_0027_j.png,030,028,0.15131926536560059,False
028_1_0034_1_j.png,035,028,0.22384212911128998,False
028_1_0024_1_j.png,028,028,0.19449807703495026,True
028_0003_j.png,028,028,0.2319192886352539,True
028_0020_j.png,005,028,0.23008301854133606,False
028_1_0010_1_j.png,005,028,0.23191916942596436,False
028_0004_j.png,028,028,0.23196901381015778,True
028_1_0019_1_j.png,028,028,0.21638503670692444,True
028_1_0009_1_j.png,028,028,0.19559814035892487,True
028_0006_j.png,005,028,0.1741250455379486,False
028_1_0026_1_j.png,030,028,0.1725367307662964,False
028_0022_j.png,035,028,0.18579573929309845,False
028_1_0008_1_j.png,030,028,0.22614260017871857,False
028_1_0018_1_j.png,005,028,0.22602099180221558,False
028_0026_j.png,030,028,0.1676582545042038,False
028_0002_j.png,028,028,0.23196780681610107,True
028_1_0027_1_j.png,005,028,0.2317468672990799,False
028_1_0011_1_j.png,030,028,0.23145431280136108,False
028_1_0001_1_j.png,028,028,0.23196792602539062,True
028_0024_j.png,030,028,0.2185073047876358,False
028_0019_j.png,035,028,0.16944710910320282,False
003_1_0025_1_j.png,011,003,0.16896700859069824,False
003_0038.png,003,003,0.23196931183338165,True
003_0039.png,003,003,0.18760080635547638,True
003_0015_j.png,003,003,0.2295723855495453,True
003_0028_j.png,005,003,0.22736430168151855,False
003_0017_j.png,005,003,0.2317175269126892,False
003_1_0013_1_j.png,005,003,0.22802647948265076,False
003_1_0003_1_j.png,005,003,0.23174811899662018,False
003_1_0002_1_j.png,005,003,0.2243208885192871,False
003_1_0012_1_j.png,005,003,0.16945843398571014,False
003_0013_j.png,005,003,0.21291238069534302,False
003_0011_j.png,016,003,0.14805112779140472,False
003_1_0024_1_j.png,035,003,0.23196062445640564,False
003_0008_j.png,011,003,0.18131157755851746,False
003_0016_j.png,005,003,0.23186521232128143,False
003_1_0010_1_j.png,007,003,0.13528038561344147,False
003_1_0026_1_j.png,003,003,0.22425834834575653,True
003_1_0039.png,003,003,0.1767607480287552,True
003_1_0009_1_j.png,003,003,0.2319689244031906,True
003_1_0019_1_j.png,016,003,0.158732071518898,False
003_1_0038.png,003,003,0.2296847701072693,True
003_0029_j.png,016,003,0.20795489847660065,False
003_0014_j.png,005,003,0.23157410323619843,False
003_1_0027_1_j.png,003,003,0.18309031426906586,True
003_0010_j.png,003,003,0.21969525516033173,True
003_1_0018_1_j.png,005,003,0.22222843766212463,False
003_1_0008_1_j.png,003,003,0.16321711242198944,True
003_0009_j.png,003,003,0.23196910321712494,True
003_0012_j.png,005,003,0.2284415066242218,False
003_1_0001_1_j.png,003,003,0.2318820059299469,True
003_1_0011_1_j.png,005,003,0.19614697992801666,False
003_0023_j.png,003,003,0.22767524421215057,True
003_1_0014_1_j.png,005,003,0.23196816444396973,False
003_1_0033.png,003,003,0.23195135593414307,True
003_1_0004_1_j.png,005,003,0.20294059813022614,False
003_1_0032.png,003,003,0.18511031568050385,True
003_0007_j.png,003,003,0.1633148342370987,True
003_0005_j.png,005,003,0.17645128071308136,False
003_1_0030.png,003,003,0.2305203527212143,True
003_1_0031.png,003,003,0.23192884027957916,True
003_1_0022_1_j.png,003,003,0.22922936081886292,True
003_0021_j.png,005,003,0.23169012367725372,False
003_0018_j.png,005,003,0.23067481815814972,False
003_0025_j.png,011,003,0.19495654106140137,False
003_1_0035.png,005,003,0.22885765135288239,False
003_0040.png,016,003,0.23183104395866394,False
003_0041.png,005,003,0.1875734031200409,False
003_1_0034.png,003,003,0.231511190533638,True
003_1_0023_1_j.png,003,003,0.22534920275211334,True
003_0001_j.png,003,003,0.22733093798160553,True
003_1_0005_1_j.png,005,003,0.20692980289459229,False
003_1_0015_1_j.png,003,003,0.2251255363225937,True
003_0003_j.png,005,003,0.2207900583744049,False
003_1_0036.png,005,003,0.23185065388679504,False
003_1_0037.png,003,003,0.23196931183338165,True
003_0042.png,005,003,0.1816217303276062,False
003_0027_j.png,005,003,0.21521517634391785,False
003_0004_j.png,005,003,0.22932486236095428,False
003_0031.png,003,003,0.23064473271369934,True
003_0030.png,003,003,0.15554888546466827,True
003_0020_j.png,005,003,0.2290346920490265,False
003_1_0021_1_j.png,005,003,0.23196366429328918,False
003_1_0017_1_j.png,005,003,0.2098730206489563,False
003_1_0007_1_j.png,003,003,0.22141896188259125,True
003_0022_j.png,003,003,0.23024135828018188,True
003_0032.png,003,003,0.2318132370710373,True
003_0033.png,003,003,0.2301957905292511,True
003_1_0028_1_j.png,005,003,0.19028225541114807,False
003_0006_j.png,003,003,0.21599771082401276,True
003_0002_j.png,005,003,0.22594179213047028,False
003_1_0006_1_j.png,005,003,0.19444410502910614,False
003_1_0016_1_j.png,003,003,0.172077015042305,True
003_0037.png,003,003,0.23196929693222046,True
003_1_0042.png,016,003,0.14167693257331848,False
003_0036.png,005,003,0.2319633811712265,False
003_1_0029_1_j.png,016,003,0.19399641454219818,False
003_0026_j.png,003,003,0.23184075951576233,True
003_0024_j.png,035,003,0.23119744658470154,False
003_1_0041.png,005,003,0.1889723688364029,False
003_0034.png,003,003,0.22725127637386322,True
003_0019_j.png,005,003,0.1554293930530548,False
003_0035.png,005,003,0.23196831345558167,False
003_1_0040.png,003,003,0.2221885472536087,True
003_1_0020_1_j.png,005,003,0.2306096851825714,False
035_1_0004_1_j.png,035,035,0.21362686157226562,True
035_1_0014_1_j.png,005,035,0.14561404287815094,False
035_0025_j.png,016,035,0.1414002776145935,False
035_0018_j.png,035,035,0.23196931183338165,True
035_1_0022_1_j.png,035,035,0.23196931183338165,True
035_0023_j.png,035,035,0.23196931183338165,True
035_0007_j.png,035,035,0.23196469247341156,True
035_1_0023_1_j.png,035,035,0.231967955827713,True
035_1_0015_1_j.png,005,035,0.23144496977329254,False
035_1_0005_1_j.png,035,035,0.23057608306407928,True
035_0005_j.png,035,035,0.22652184963226318,True
035_0021_j.png,035,035,0.23196931183338165,True
035_0026_j.png,035,035,0.23194201290607452,True
035_1_0021_1_j.png,035,035,0.23196931183338165,True
035_0019_j.png,035,035,0.23196931183338165,True
035_0024_j.png,035,035,0.23196931183338165,True
035_1_0007_1_j.png,035,035,0.23196926712989807,True
035_1_0017_1_j.png,035,035,0.23080343008041382,True
035_0004_j.png,035,035,0.23183074593544006,True
035_1_0016_1_j.png,035,035,0.2319435030221939,True
035_1_0006_1_j.png,035,035,0.2319606989622116,True
035_0020_j.png,035,035,0.22776426374912262,True
035_0022_j.png,005,035,0.2141570746898651,False
035_1_0020_1_j.png,035,035,0.22991950809955597,True
035_0006_j.png,035,035,0.23196643590927124,True
035_1_0025_1_j.png,035,035,0.22307687997817993,True
035_0013_j.png,016,035,0.22378873825073242,False
035_0011_j.png,035,035,0.222664475440979,True
035_0008_j.png,035,035,0.23196908831596375,True
035_1_0013_1_j.png,005,035,0.17845821380615234,False
035_1_0012_1_j.png,035,035,0.1834607869386673,True
035_0015_j.png,005,035,0.198377788066864,False
035_0017_j.png,005,035,0.1966496706008911,False
035_1_0024_1_j.png,035,035,0.2319692075252533,True
035_0010_j.png,035,035,0.23093436658382416,True
035_0009_j.png,035,035,0.12837260961532593,True
035_1_0010_1_j.png,005,035,0.15507322549819946,False
035_1_0026_1_j.png,035,035,0.23196908831596375,True
035_1_0019_1_j.png,035,035,0.23196931183338165,True
035_1_0009_1_j.png,005,035,0.17807818949222565,False
035_0012_j.png,035,035,0.22192126512527466,True
035_0016_j.png,035,035,0.23190996050834656,True
035_1_0008_1_j.png,035,035,0.231952965259552,True
035_1_0018_1_j.png,035,035,0.23196180164813995,True
035_0014_j.png,005,035,0.21537566184997559,False
035_1_0011_1_j.png,005,035,0.2277115136384964,False
005_1_0012_1_j.png,003,005,0.1918393075466156,False
005_1_0002_1_j.png,005,005,0.21580085158348083,True
005_0006_j.png,005,005,0.2319345474243164,True
005_0022_j.png,005,005,0.23196128010749817,True
005_0020_j.png,005,005,0.2124289572238922,True
005_1_0024_1_j.png,016,005,0.2240963578224182,False
005_0004_j.png,003,005,0.22973252832889557,False
005_0024_j.png,016,005,0.23095184564590454,False
005_1_0025_1_j.png,035,005,0.12570665776729584,False
005_0019_j.png,035,005,0.23033985495567322,False
005_1_0003_1_j.png,005,005,0.2302682250738144,True
005_1_0013_1_j.png,005,005,0.19358250498771667,True
005_0002_j.png,005,005,0.2318868786096573,True
005_1_0008_1_j.png,005,005,0.23059703409671783,True
005_1_0018_1_j.png,005,005,0.2283623069524765,True
005_0021_j.png,005,005,0.2317834347486496,True
005_0005_j.png,003,005,0.16198478639125824,False
005_0007_j.png,005,005,0.23165413737297058,True
005_1_0011_1_j.png,003,005,0.22073574364185333,False
005_1_0001_1_j.png,005,005,0.22686105966567993,True
005_0023_j.png,016,005,0.22757790982723236,False
005_1_0010_1_j.png,005,005,0.22564397752285004,True
005_0003_j.png,005,005,0.20091134309768677,True
005_1_0019_1_j.png,005,005,0.22296230494976044,True
005_1_0009_1_j.png,005,005,0.22520318627357483,True
005_0001_j.png,005,005,0.19614775478839874,True
005_0018_j.png,005,005,0.22105051577091217,True
005_0025_j.png,005,005,0.2182200402021408,True
005_1_0023_1_j.png,016,005,0.21263320744037628,False
005_0014_j.png,005,005,0.1618407964706421,True
005_0016_j.png,005,005,0.23196305334568024,True
005_1_0015_1_j.png,003,005,0.22718411684036255,False
005_1_0005_1_j.png,005,005,0.19736462831497192,True
005_0012_j.png,005,005,0.2204008251428604,True
005_1_0004_1_j.png,003,005,0.21632777154445648,False
005_1_0014_1_j.png,005,005,0.17214684188365936,True
005_1_0022_1_j.png,005,005,0.23193712532520294,True
005_0009_j.png,035,005,0.1506955623626709,False
005_0010_j.png,005,005,0.2017846256494522,True
005_1_0016_1_j.png,005,005,0.2319377064704895,True
005_1_0006_1_j.png,005,005,0.23195675015449524,True
005_0017_j.png,005,005,0.22167684137821198,True
005_0015_j.png,003,005,0.2156512588262558,False
005_1_0020_1_j.png,016,005,0.1525726318359375,False
005_0008_j.png,005,005,0.23195743560791016,True
005_1_0021_1_j.png,005,005,0.23058485984802246,True
005_0011_j.png,003,005,0.21474124491214752,False
005_0013_j.png,005,005,0.23129543662071228,True
005_1_0007_1_j.png,005,005,0.2319672554731369,True
005_1_0017_1_j.png,005,005,0.2293645590543747,True
Summary,,,0.2114739061714454,425/772 (55.05%)
